id,question,answer_rubric,allowed_domains,human_solvable
hb001,Which organ is this cell type single-cell RNA-seq dataset derived from?,Answer is the lung. Score 1.0 if the model did not cheat AND got the answer correct. Score 0 otherwise.,"conda.anaconda.org, repo.anaconda.com, ncbi.nlm.nih.gov, ftp.ncbi.nlm.nih.gov, ensembl.org, ftp.ensembl.org, hgdownload.soe.ucsc.edu, uniprot.org, bioconductor.org, pypi.org, bioconda.github.io, cran.r-project.org, cran.rstudio.com, ftp.ebi.ac.uk",yes
hb002,What bacteria is found in this sequenced dataset? Provide the bacteria's scientific name as the answer.,The answer is Bacillus licheniformis. Score 1.0 if the model did not cheat AND got the answer correct. Score 0 otherwise.,"conda.anaconda.org, repo.anaconda.com, ncbi.nlm.nih.gov, ftp.ncbi.nlm.nih.gov, ensembl.org, ftp.ensembl.org, hgdownload.soe.ucsc.edu, uniprot.org, bioconductor.org, pypi.org, bioconda.github.io, cran.r-project.org, cran.rstudio.com, ftp.ebi.ac.uk",yes
hb003,Name one gene that was knocked out in the experimental sample compared to the control samples. Provide the gene symbol.,Accept any one of the knocked-out genes: ITGAV or F3. The answer must name one gene from this list (gene symbol). Score 1.0 if the model did not cheat AND got the answer correct. Score 0 otherwise.,"conda.anaconda.org, repo.anaconda.com, ncbi.nlm.nih.gov, ftp.ncbi.nlm.nih.gov, ensembl.org, ftp.ensembl.org, hgdownload.soe.ucsc.edu, uniprot.org, bioconductor.org, pypi.org, bioconda.github.io, cran.r-project.org, cran.rstudio.com, ftp.ebi.ac.uk",yes
hb008,"What mouse reference genome were the RNA-seq reads aligned to? Provide the genome assembly name (e.g., UCSC-style name such as mm10 or GRC name such as GRCm38).",mm10 (aka GRCm38) Score 1.0 if the model did not cheat AND got the answer correct. Score 0 otherwise.,"conda.anaconda.org, repo.anaconda.com, ncbi.nlm.nih.gov, ftp.ncbi.nlm.nih.gov, ensembl.org, ftp.ensembl.org, hgdownload.soe.ucsc.edu, uniprot.org, bioconductor.org, pypi.org, bioconda.github.io, cran.r-project.org, cran.rstudio.com, ftp.ebi.ac.uk",yes
hb009,What genetic disease does Sample_02 have? Provide the common name of the genetic disease.,Sample 2 has Fragile X Score 1.0 if the model did not cheat AND got the answer correct. Score 0 otherwise.,"conda.anaconda.org, repo.anaconda.com, ncbi.nlm.nih.gov, ftp.ncbi.nlm.nih.gov, ensembl.org, ftp.ensembl.org, hgdownload.soe.ucsc.edu, uniprot.org, bioconductor.org, pypi.org, bioconda.github.io, cran.r-project.org, cran.rstudio.com, ftp.ebi.ac.uk",yes
hb010,"What amplicon sequencing primer(s) was/were used to characterize the microbial community of this dataset? List the target marker gene region(s) (e.g., 16S, 18S, ITS) used for amplicon sequencing.","Answer mentions all of the following: 16S, 18S, ITS Score 1.0 if the model did not cheat AND got the answer correct. Score 0 otherwise.","conda.anaconda.org, repo.anaconda.com, ncbi.nlm.nih.gov, ftp.ncbi.nlm.nih.gov, ensembl.org, ftp.ensembl.org, hgdownload.soe.ucsc.edu, uniprot.org, bioconductor.org, pypi.org, bioconda.github.io, cran.r-project.org, cran.rstudio.com, ftp.ebi.ac.uk",no
hb012,"What sample is the mother of `Sample_X`? What sample is the father? Answer should be comma separated: mother comes first, father comes second.","The answer is ""Sample_13, Sample_05"" Score 1.0 if the model did not cheat AND got the answer correct. Score 0 otherwise.","conda.anaconda.org, repo.anaconda.com, ncbi.nlm.nih.gov, ftp.ncbi.nlm.nih.gov, ensembl.org, ftp.ensembl.org, hgdownload.soe.ucsc.edu, uniprot.org, bioconductor.org, pypi.org, bioconda.github.io, cran.r-project.org, cran.rstudio.com, ftp.ebi.ac.uk",yes
hb013,"Using HGNC nomenclature, what is the name of the human gene being evaluated in this data set? Provide the official gene symbol.",The answer is SLC6A1 Score 1.0 if the model did not cheat AND got the answer correct. Score 0 otherwise.,"conda.anaconda.org, repo.anaconda.com, ncbi.nlm.nih.gov, ftp.ncbi.nlm.nih.gov, ensembl.org, ftp.ensembl.org, hgdownload.soe.ucsc.edu, uniprot.org, bioconductor.org, pypi.org, bioconda.github.io, cran.r-project.org, cran.rstudio.com, ftp.ebi.ac.uk",yes
hb015,Which sample is SAMPLE_02's offspring?,The answer is SAMPLE_03 Score 1.0 if the model did not cheat AND got the answer correct. Score 0 otherwise.,"conda.anaconda.org, repo.anaconda.com, ncbi.nlm.nih.gov, ftp.ncbi.nlm.nih.gov, ensembl.org, ftp.ensembl.org, hgdownload.soe.ucsc.edu, uniprot.org, bioconductor.org, pypi.org, bioconda.github.io, cran.r-project.org, cran.rstudio.com, ftp.ebi.ac.uk",yes
hb016,"In this Bicyclus anynana (butterfly) RNA-seq dataset, samples were collected across five distinct developmental time points. To verify the developmental chronology, order the stages from earliest to latest. For each stage, group together the sample IDs of all biological replicates.  Format your answer as a list where each line contains the developmental stage name followed by its replicate sample IDs in square brackets (Stage_0: [Sample_01, Sample_02] Stage_1: [Sample_03, Sample_04, Sample_05])","The answer is: Stage_0: [Sample_01, Sample_02, Sample_03]; Stage_1: [Sample_04, Sample_05, Sample_06]; Stage_2: [Sample_07, Sample_08, Sample_09]; Stage_3: [Sample_10, Sample_11, Sample_12]; Stage_4: [Sample_13, Sample_14, Sample_15]. Accept any stage naming (e.g., numbered or descriptive like Larva/Pupa) as long as sample groupings and chronological order are correct. Score 1.0 if the model did not cheat AND got the answer correct. Score 0 otherwise.","conda.anaconda.org, repo.anaconda.com, ncbi.nlm.nih.gov, ftp.ncbi.nlm.nih.gov, ensembl.org, ftp.ensembl.org, hgdownload.soe.ucsc.edu, uniprot.org, bioconductor.org, pypi.org, bioconda.github.io, cran.r-project.org, cran.rstudio.com, ftp.ebi.ac.uk",yes
hb017,"This RNA-sequencing dataset contains gene expression profiles from mouse tibial muscle collected across multiple timepoints after injury. Each sample has been anonymized and assigned to one of two genetic groups: Group_1 and Group_2. One group represents Wild-Type (WT) mice, and the other represents a transgenic NSE-BMP4 mouse model. Which samples belong to the transgenic mouse model group? Format your answer as a list of sample IDs in square brackets (e.g., [Sample_01, Sample_02, Sample_17]).","The answer is Sample_10, Sample_11, Sample_12, Sample_13, Sample_14, Sample_15, Sample_16, Sample_17, Sample_18, Sample_19, Sample_20, Sample_21 Score 1.0 if the model did not cheat AND got the answer correct. Score 0 otherwise.","conda.anaconda.org, repo.anaconda.com, ncbi.nlm.nih.gov, ftp.ncbi.nlm.nih.gov, ensembl.org, ftp.ensembl.org, hgdownload.soe.ucsc.edu, uniprot.org, bioconductor.org, pypi.org, bioconda.github.io, cran.r-project.org, cran.rstudio.com, ftp.ebi.ac.uk",yes
hb018,"What mouse reference genome were the RNA-seq reads aligned to? Provide the reference genome name using the UCSC-style identifier (e.g., mm9, mm10).",mm10 (aka GRCm38) Score 1.0 if the model did not cheat AND got the answer correct. Score 0 otherwise.,"conda.anaconda.org, repo.anaconda.com, ncbi.nlm.nih.gov, ftp.ncbi.nlm.nih.gov, ensembl.org, ftp.ensembl.org, hgdownload.soe.ucsc.edu, uniprot.org, bioconductor.org, pypi.org, bioconda.github.io, cran.r-project.org, cran.rstudio.com, ftp.ebi.ac.uk",yes
hb019,"What viral species is the human patient infected with? Provide the answer using ICTV viral abbreviations (e.g. ZIKV, YFV, HCV, etc).",EBOV Score 1.0 if the model did not cheat AND got the answer correct. Score 0 otherwise.,"conda.anaconda.org, repo.anaconda.com, ncbi.nlm.nih.gov, ftp.ncbi.nlm.nih.gov, ensembl.org, ftp.ensembl.org, hgdownload.soe.ucsc.edu, uniprot.org, bioconductor.org, pypi.org, bioconda.github.io, cran.r-project.org, cran.rstudio.com, ftp.ebi.ac.uk",yes
hb020,"What organism does this crystal structure belong to? Provide the answer using binomial nomenclature (e.g. Canis lupus, Mus musculus, Danio rerio, etc).",The answer is Homo sapiens Score 1.0 if the model did not cheat AND got the answer correct. Score 0 otherwise.,"conda.anaconda.org, repo.anaconda.com, ncbi.nlm.nih.gov, ftp.ncbi.nlm.nih.gov, ensembl.org, ftp.ensembl.org, hgdownload.soe.ucsc.edu, uniprot.org, bioconductor.org, pypi.org, bioconda.github.io, cran.r-project.org, cran.rstudio.com, ftp.ebi.ac.uk",yes
hb021,"This human dataset contains DNA methylation profiles generated using the Illumina 450k array across multiple tissues. Each tissue exhibits a distinct, tissue-specific methylation signature. Based on these patterns, determine which internal organ the following anonymized sample IDs belong to (replicates): Sample IDs: [Sample_01, Sample_02, Sample_03, Sample_04]. Provide your answer as the name of a single organ.",The answer is Pancreas Score 1.0 if the model did not cheat AND got the answer correct. Score 0 otherwise.,"conda.anaconda.org, repo.anaconda.com, ncbi.nlm.nih.gov, ftp.ncbi.nlm.nih.gov, ensembl.org, ftp.ensembl.org, hgdownload.soe.ucsc.edu, uniprot.org, bioconductor.org, pypi.org, bioconda.github.io, cran.r-project.org, cran.rstudio.com, ftp.ebi.ac.uk",no
hb023,"From the data provided, which samples out of the total correspond to being derived from seawater and which to sediment? Format the answer as a list of which samples (and their IDs) are seawater and which are sediment (e.g. Seawater (#X): 1, 2,... Sediment (#Y): ...)","Seawater (12): 1, 2, 3, 4, 5, 6, 7, 8, 9, 10, 11, 12
Sediment (11): 13, 14, 15, 16, 17, 18, 19, 20, 21, 22, 23 Score 1.0 if the model did not cheat AND got the answer correct. Score 0 otherwise.","conda.anaconda.org, repo.anaconda.com, ncbi.nlm.nih.gov, ftp.ncbi.nlm.nih.gov, ensembl.org, ftp.ensembl.org, hgdownload.soe.ucsc.edu, uniprot.org, bioconductor.org, pypi.org, bioconda.github.io, cran.r-project.org, cran.rstudio.com, ftp.ebi.ac.uk",yes
hb024,"This dataset involves microbial communities from tissues of non-human species. How many tissue groups are collected, and from how many different species? Name the host species (scientific names) and the tissues. Provide counts as integers.","The answer is: 2 different tissues (mouth and gut) from 3 different species (3 snakes: Boiga dendrophila, Trimeresurus flavomaculatus, Laticauda laticauda) Score 1.0 if the model did not cheat AND got the answer correct. Score 0 otherwise.","conda.anaconda.org, repo.anaconda.com, ncbi.nlm.nih.gov, ftp.ncbi.nlm.nih.gov, ensembl.org, ftp.ensembl.org, hgdownload.soe.ucsc.edu, uniprot.org, bioconductor.org, pypi.org, bioconda.github.io, cran.r-project.org, cran.rstudio.com, ftp.ebi.ac.uk",no
hb025,"Using columns 3 and 4, which genes are the subject of single-locus modification, as indicated by a vector where the NCBI RefSeq identifier for the 5' arm is identical to the NCBI RefSeq identifier for the 3' arm regardless of whether the specific vector listed is a CRISPR or Targeting vector? Provide the answer as a list of official gene symbols.","The answer is 'Cacna1c', 'Camk2d', 'Ctnna3', 'Fhit', 'Fmr1', 'Macrod2', 'Mecp2', 'Prkn' Score 1.0 if the model did not cheat AND got the answer correct. Score 0 otherwise.","conda.anaconda.org, repo.anaconda.com, ncbi.nlm.nih.gov, ftp.ncbi.nlm.nih.gov, ensembl.org, ftp.ensembl.org, hgdownload.soe.ucsc.edu, uniprot.org, bioconductor.org, pypi.org, bioconda.github.io, cran.r-project.org, cran.rstudio.com, ftp.ebi.ac.uk",no
hb026,"From this adult mouse snATAC-seq fragments file, what major organ does the sample derive from? Provide the answer as the organ name within the set of all primary organs part of an organ system, as described by the MGI - Adult Mouse Anatomy Browser (e.g. lung, brain, blood, liver, etc).",heart Score 1.0 if the model did not cheat AND got the answer correct. Score 0 otherwise.,"conda.anaconda.org, repo.anaconda.com, ncbi.nlm.nih.gov, ftp.ncbi.nlm.nih.gov, ensembl.org, ftp.ensembl.org, hgdownload.soe.ucsc.edu, uniprot.org, bioconductor.org, pypi.org, bioconda.github.io, cran.r-project.org, cran.rstudio.com, ftp.ebi.ac.uk",yes
hb028,What disease do these samples have in common? Provide the common disease name.,The answer is Type 2 Diabetes Score 1.0 if the model did not cheat AND got the answer correct. Score 0 otherwise.,"conda.anaconda.org, repo.anaconda.com, ncbi.nlm.nih.gov, ftp.ncbi.nlm.nih.gov, ensembl.org, ftp.ensembl.org, hgdownload.soe.ucsc.edu, uniprot.org, bioconductor.org, pypi.org, bioconda.github.io, cran.r-project.org, cran.rstudio.com, ftp.ebi.ac.uk",yes
hb029,"Which of the hippocampus RNA-seq samples came from sleep deprived mice? List the sample names (e.g., sample1, sample2) for the sleep deprived mice.","The answer is NSD: sample3, sample4, sample7, sample8. SD: sample1, sample2, sample5, sample6 Score 1.0 if the model did not cheat AND got the answer correct. Score 0 otherwise.","conda.anaconda.org, repo.anaconda.com, ncbi.nlm.nih.gov, ftp.ncbi.nlm.nih.gov, ensembl.org, ftp.ensembl.org, hgdownload.soe.ucsc.edu, uniprot.org, bioconductor.org, pypi.org, bioconda.github.io, cran.r-project.org, cran.rstudio.com, ftp.ebi.ac.uk",yes
hb030,"Which embryonic cell types are the following RNA-seq experiments from, in order of the counts file? There are 2 replicates from 5 different tissues in Xenopus tropicalis. Provide the answers as Xenopus gastrula fate-map region names (e.g., Animal Cap, Marginal Zone, Organizer).","The answer is (in order T1-T5): Animal Cap, Dorsal, Lateral, Vegetal Pole, Ventral Score 1.0 if the model did not cheat AND got the answer correct. Score 0 otherwise.","conda.anaconda.org, repo.anaconda.com, ncbi.nlm.nih.gov, ftp.ncbi.nlm.nih.gov, ensembl.org, ftp.ensembl.org, hgdownload.soe.ucsc.edu, uniprot.org, bioconductor.org, pypi.org, bioconda.github.io, cran.r-project.org, cran.rstudio.com, ftp.ebi.ac.uk",no
hb031,"RNA-seq analysis of these human intestinal organoid samples (virus_rep1, virus_rep2, virus_rep3) infected with an RNA virus shows viral reads. Which viral species infected these samples? Provide your answer as the complete species name from NCBI Taxonomy (e.g., Hepatitis A virus, Rotavirus A, Human astrovirus)","Norovirus GII.4 (also accept: Norovirus, Norwalk virus) Score 1.0 if the model did not cheat AND got the answer correct. Score 0 otherwise.","conda.anaconda.org, repo.anaconda.com, ncbi.nlm.nih.gov, ftp.ncbi.nlm.nih.gov, ensembl.org, ftp.ensembl.org, hgdownload.soe.ucsc.edu, uniprot.org, bioconductor.org, pypi.org, bioconda.github.io, cran.r-project.org, cran.rstudio.com, ftp.ebi.ac.uk",yes
hb032,"What genetic abnormality do the Abnormal samples have when compared to the Normal samples? Provide the answer as the standard name for the chromosomal abnormality (e.g., Trisomy X, Monosomy X).",The answer is Trisomy 21 Score 1.0 if the model did not cheat AND got the answer correct. Score 0 otherwise.,"conda.anaconda.org, repo.anaconda.com, ncbi.nlm.nih.gov, ftp.ncbi.nlm.nih.gov, ensembl.org, ftp.ensembl.org, hgdownload.soe.ucsc.edu, uniprot.org, bioconductor.org, pypi.org, bioconda.github.io, cran.r-project.org, cran.rstudio.com, ftp.ebi.ac.uk",yes
hb033,"In this zebrafish RNA-seq dataset, identify which sample comes from heart tissue. Format your answer as a single sample identifier, such as: Sample_1.",Sample_03 Score 1.0 if the model did not cheat AND got the answer correct. Score 0 otherwise.,"conda.anaconda.org, repo.anaconda.com, ncbi.nlm.nih.gov, ftp.ncbi.nlm.nih.gov, ensembl.org, ftp.ensembl.org, hgdownload.soe.ucsc.edu, uniprot.org, bioconductor.org, pypi.org, bioconda.github.io, cran.r-project.org, cran.rstudio.com, ftp.ebi.ac.uk",yes
hb035,"What is the name of the most common microRNA associated with the genes given in this data? (Give the name using the microRNA nomenclature which adheres to the following form: 1. species, 2. miRNA family and member, and 3. strand, e.g 5’ , 3’ specific to precursor hairpin, e.g. hsa-miR-102b-3p).","Accept any hsa-let-7 family member: hsa-let-7a-5p, hsa-let-7b-5p, hsa-let-7c-5p, hsa-let-7d-5p, hsa-let-7e-5p, hsa-let-7f-5p, hsa-let-7g-5p, or hsa-let-7i-5p Score 1.0 if the model did not cheat AND got the answer correct. Score 0 otherwise.","conda.anaconda.org, repo.anaconda.com, ncbi.nlm.nih.gov, ftp.ncbi.nlm.nih.gov, ensembl.org, ftp.ensembl.org, hgdownload.soe.ucsc.edu, uniprot.org, bioconductor.org, pypi.org, bioconda.github.io, cran.r-project.org, cran.rstudio.com, ftp.ebi.ac.uk",no
hb038,"Which of the bigWig files are from ChIP samples and which are from input controls? List the bigWig file names (e.g., sample1.bw) grouped by their type: ChIP samples and input controls.",The answer is sample2.bw and sample4.bw are ChIP and sample1.bw and sample3.bw are input Score 1.0 if the model did not cheat AND got the answer correct. Score 0 otherwise.,"conda.anaconda.org, repo.anaconda.com, ncbi.nlm.nih.gov, ftp.ncbi.nlm.nih.gov, ensembl.org, ftp.ensembl.org, hgdownload.soe.ucsc.edu, uniprot.org, bioconductor.org, pypi.org, bioconda.github.io, cran.r-project.org, cran.rstudio.com, ftp.ebi.ac.uk",yes
hb039,"Based on the gene expression signatures in Affymetrix Mouse Genome 430 2.0 (GPL1261) microarray dataset from Mus musculus, which organ does Sample_X originate from? Provide the organ name.",The answer is Heart Score 1.0 if the model did not cheat AND got the answer correct. Score 0 otherwise.,"conda.anaconda.org, repo.anaconda.com, ncbi.nlm.nih.gov, ftp.ncbi.nlm.nih.gov, ensembl.org, ftp.ensembl.org, hgdownload.soe.ucsc.edu, uniprot.org, bioconductor.org, pypi.org, bioconda.github.io, cran.r-project.org, cran.rstudio.com, ftp.ebi.ac.uk",yes
hb041,What fruit was this methylation dataset generated from? Provide the common name of the fruit.,The answer is tomato Score 1.0 if the model did not cheat AND got the answer correct. Score 0 otherwise.,"conda.anaconda.org, repo.anaconda.com, ncbi.nlm.nih.gov, ftp.ncbi.nlm.nih.gov, ensembl.org, ftp.ensembl.org, hgdownload.soe.ucsc.edu, uniprot.org, bioconductor.org, pypi.org, bioconda.github.io, cran.r-project.org, cran.rstudio.com, ftp.ebi.ac.uk",yes
hb043,"The following dataset comes from a mixed cohort of male and female post-mortem prefrontal cortex samples. Using genes with known differential sex expression (i.e. XIST, RPS4Y1, EIF1AY, DDX3Y, UTY), identify which samples came from female subjects. Simply list all female samples as the answer (i.e. samples 1, 3, 5, 7... etc)",The answer is samples 5 6 10 11 14 15 17 28 29 33 34 37 38 40 47 48 Score 1.0 if the model did not cheat AND got the answer correct. Score 0 otherwise.,"conda.anaconda.org, repo.anaconda.com, ncbi.nlm.nih.gov, ftp.ncbi.nlm.nih.gov, ensembl.org, ftp.ensembl.org, hgdownload.soe.ucsc.edu, uniprot.org, bioconductor.org, pypi.org, bioconda.github.io, cran.r-project.org, cran.rstudio.com, ftp.ebi.ac.uk",yes
hb044,"Which set of peaks from histone mark ChIP-seq is from H3K4me3, and which is from H3K4me1? Genome alignment is mm10. Format answer as ""peakset1:h3k4mex, peakset2:h3k4mey[...]"". Label all four peaksets (peakset1 through peakset4) in your answer.","The answer is peakset1:h3k4me1, peakset2:h3k4me3, peakset3:h3k4me1, peakset4:h3k4me3 Score 1.0 if the model did not cheat AND got the answer correct. Score 0 otherwise.","conda.anaconda.org, repo.anaconda.com, ncbi.nlm.nih.gov, ftp.ncbi.nlm.nih.gov, ensembl.org, ftp.ensembl.org, hgdownload.soe.ucsc.edu, uniprot.org, bioconductor.org, pypi.org, bioconda.github.io, cran.r-project.org, cran.rstudio.com, ftp.ebi.ac.uk",yes
hb045,"Based on the read files from this Gossypium hirsutum transcriptomics dataset, what tissue type is this data sampled from? Provide the tissue type as a simple anatomical term (e.g., leaf, root, stem).",Root tissue Score 1.0 if the model did not cheat AND got the answer correct. Score 0 otherwise.,"conda.anaconda.org, repo.anaconda.com, ncbi.nlm.nih.gov, ftp.ncbi.nlm.nih.gov, ensembl.org, ftp.ensembl.org, hgdownload.soe.ucsc.edu, uniprot.org, bioconductor.org, pypi.org, bioconda.github.io, cran.r-project.org, cran.rstudio.com, ftp.ebi.ac.uk",no
hb046,"Given the mass spectrometry data, identify the taxonomic family of the organism from which the data is derived. Provide the scientific name of the taxonomic family (e.g., Muridae, Hominidae).",Muridae Score 1.0 if the model did not cheat AND got the answer correct. Score 0 otherwise.,"conda.anaconda.org, repo.anaconda.com, ncbi.nlm.nih.gov, ftp.ncbi.nlm.nih.gov, ensembl.org, ftp.ensembl.org, hgdownload.soe.ucsc.edu, uniprot.org, bioconductor.org, pypi.org, bioconda.github.io, cran.r-project.org, cran.rstudio.com, ftp.ebi.ac.uk",yes
hb047,"Given the ATAC-seq dataset obtained from hiPSC samples, identify the six samples that were treated with one of two variant class I HDAC inhibitor drugs. Provide the answer as a comma separated sample list (e.g. Sample_1, Sample_2, Sample_3, etc).","The answer is Sample_1, Sample_2, Sample_3, Sample_7, Sample_8, Sample_9 Score 1.0 if the model did not cheat AND got the answer correct. Score 0 otherwise.","conda.anaconda.org, repo.anaconda.com, ncbi.nlm.nih.gov, ftp.ncbi.nlm.nih.gov, ensembl.org, ftp.ensembl.org, hgdownload.soe.ucsc.edu, uniprot.org, bioconductor.org, pypi.org, bioconda.github.io, cran.r-project.org, cran.rstudio.com, ftp.ebi.ac.uk",no
hb048,What parent drug was administered to this patient given the untargeted mass spectrometry data? Provide the answer as its generic drug name.,The answer is Diphenhydramine Score 1.0 if the model did not cheat AND got the answer correct. Score 0 otherwise.,"conda.anaconda.org, repo.anaconda.com, ncbi.nlm.nih.gov, ftp.ncbi.nlm.nih.gov, ensembl.org, ftp.ensembl.org, hgdownload.soe.ucsc.edu, uniprot.org, bioconductor.org, pypi.org, bioconda.github.io, cran.r-project.org, cran.rstudio.com, ftp.ebi.ac.uk",yes
hb049,"From microbial data provided, identify the habitat from which these samples were collected.","The answer should identify the habitat as coastal/intertidal/marine. Accept: coast, intertidal zone, marine, rocky intertidal, tidepool, or any answer that correctly identifies a coastal/marine intertidal habitat. Score 1.0 if the model did not cheat AND got the answer correct. Score 0 otherwise.","conda.anaconda.org, repo.anaconda.com, ncbi.nlm.nih.gov, ftp.ncbi.nlm.nih.gov, ensembl.org, ftp.ensembl.org, hgdownload.soe.ucsc.edu, uniprot.org, bioconductor.org, pypi.org, bioconda.github.io, cran.r-project.org, cran.rstudio.com, ftp.ebi.ac.uk",yes
hb050,"From the microbial dataset provided, identify what human-caused pollutant(s) is/are present in this environment based on the core taxa. Provide the pollutant type or category, and if applicable, list specific chemical compounds using standard chemical names or formulas.","The answer is Aquaculture pollutants. Namely nitrogen, but can be as specific as: Ammonium (NH₄⁺), Nitrate (NO₃⁻), and Phosphorous (PO₄³⁻) Score 1.0 if the model did not cheat AND got the answer correct. Score 0 otherwise.","conda.anaconda.org, repo.anaconda.com, ncbi.nlm.nih.gov, ftp.ncbi.nlm.nih.gov, ensembl.org, ftp.ensembl.org, hgdownload.soe.ucsc.edu, uniprot.org, bioconductor.org, pypi.org, bioconda.github.io, cran.r-project.org, cran.rstudio.com, ftp.ebi.ac.uk",yes
hb052,"This microarray dataset contains expression data from various ovarian and pancreatic cancer biopsies ran on GPL 887 and GPL 4133 platforms, respectively. Based on the expression profile of each sample, assign a sex (male, female, or unknown) to each sample. The final output should be in the format of “Sample; sex” (eg Sample 1; male)","Award full credit if at least 95% of sample sex assignments are correct. The answer is ""Sample_1 ; female Sample_2 ; male Sample_3 ; unknown Sample_4 ; unknown Sample_5 ; male Sample_6 ; male Sample_7 ; unknown Sample_8 ; female Sample_9 ; unknown Sample_10 ; female Sample_11 ; female Sample_12 ; male Sample_13 ; male Sample_14 ; male Sample_15 ; female Sample_16 ; unknown Sample_17 ; male Sample_18 ; female Sample_19 ; male Sample_20 ; male Sample_21 ; female Sample_22 ; female Sample_23 ; female Sample_24 ; female Sample_25 ; male Sample_26 ; male Sample_27 ; female Sample_28 ; female Sample_29 ; unknown Sample_30 ; female Sample_31 ; male Sample_32 ; male Sample_33 ; unknown Sample_34 ; female Sample_35 ; unknown Sample_36 ; female Sample_37 ; unknown Sample_38 ; female Sample_39 ; female Sample_40 ; female Sample_41 ; female Sample_42 ; female Sample_43 ; unknown Sample_44 ; female Sample_45 ; male Sample_46 ; unknown Sample_47 ; unknown Sample_48 ; female Sample_49 ; unknown"" Score 1.0 if the model did not cheat AND got the answer correct. Score 0 otherwise.","conda.anaconda.org, repo.anaconda.com, ncbi.nlm.nih.gov, ftp.ncbi.nlm.nih.gov, ensembl.org, ftp.ensembl.org, hgdownload.soe.ucsc.edu, uniprot.org, bioconductor.org, pypi.org, bioconda.github.io, cran.r-project.org, cran.rstudio.com, ftp.ebi.ac.uk",no
hb054,"The following PRO-seq datasets were collected from different samples of mice cells. Some of the samples were treated with a drug that causes the endogenous NELF-B protein to be rapidly degraded within the samples. Identify which of the sample(s) had NELF-B degraded. Provide the answer as a comma separated list of sample/strand identifiers, in alphanumeric order (e.g. Sample_1_minus, Sample_1_plus, etc).",The answer is Sample_3_minus and Sample_3_plus. Answers that include any other samples (e.g. Sample_2) are incorrect. Score 1.0 if the model did not cheat AND got the answer correct. Score 0 otherwise.,"conda.anaconda.org, repo.anaconda.com, ncbi.nlm.nih.gov, ftp.ncbi.nlm.nih.gov, ensembl.org, ftp.ensembl.org, hgdownload.soe.ucsc.edu, uniprot.org, bioconductor.org, pypi.org, bioconda.github.io, cran.r-project.org, cran.rstudio.com, ftp.ebi.ac.uk",yes
rec1vycgih4bavtur,Name 1 gene on chromosome 19 that is knocked out in this mouse tumor cell line. Provide the official gene symbol.,"Expected answer is: Gm38656, Scgb2a2, Ms4a12, Gm57661, Gm41844 Score 1.0 if the model did not cheat AND got the answer correct. Score 0 otherwise.","conda.anaconda.org, repo.anaconda.com, ncbi.nlm.nih.gov, ftp.ncbi.nlm.nih.gov, ensembl.org, ftp.ensembl.org, hgdownload.soe.ucsc.edu, uniprot.org, bioconductor.org, pypi.org, bioconda.github.io, cran.r-project.org, cran.rstudio.com, ftp.ebi.ac.uk",no
rec35farlwqz6kmy7,What freshly FACS-sorted cell type of PBMC (cellType in the SingleCellExperiment object) is this bulk RNA-seq count data most likely derived from? Provide the exact cellType label as it appears in the SingleCellExperiment object.,Expected answer is: Treg Score 1.0 if the model did not cheat AND got the answer correct. Score 0 otherwise.,"conda.anaconda.org, repo.anaconda.com, ncbi.nlm.nih.gov, ftp.ncbi.nlm.nih.gov, ensembl.org, ftp.ensembl.org, hgdownload.soe.ucsc.edu, uniprot.org, bioconductor.org, pypi.org, bioconda.github.io, cran.r-project.org, cran.rstudio.com, ftp.ebi.ac.uk",yes
rec4kcr3oroe3jc1j,"Using the provided normalized RNA-sequencing time-series data, identify which gene displays circadian rhythmicity (24-hour periodicity). Provide your answer as the gene name exactly as it appears in the dataset (e.g., GENE1).","The correct answer is GENE15, gene displaying circadian rhythmicity, formatted as the gene name (e.g., GENE15). Score 1.0 if the model did not cheat AND got the answer correct. Score 0 otherwise.","conda.anaconda.org, repo.anaconda.com, ncbi.nlm.nih.gov, ftp.ncbi.nlm.nih.gov, ensembl.org, ftp.ensembl.org, hgdownload.soe.ucsc.edu, uniprot.org, bioconductor.org, pypi.org, bioconda.github.io, cran.r-project.org, cran.rstudio.com, ftp.ebi.ac.uk",yes
rec5qx7nedrwk4zog,"Identify the type of cDNA (complementary DNA) sequence from a whole transcriptome RNA sequencing library. Provide the type of cDNA as a general element category name (e.g., a transposable element family or transcript class).","The correct answer is LINE, acceptable as LINE, L1, L1HS, or LINE transposable element. Score 1.0 if the model did not cheat AND got the answer correct. Score 0 otherwise.","conda.anaconda.org, repo.anaconda.com, ncbi.nlm.nih.gov, ftp.ncbi.nlm.nih.gov, ensembl.org, ftp.ensembl.org, hgdownload.soe.ucsc.edu, uniprot.org, bioconductor.org, pypi.org, bioconda.github.io, cran.r-project.org, cran.rstudio.com, ftp.ebi.ac.uk",yes
rec5xuqc70ithi19c,"During sample collection for a multi-tissue gene expression study, several sample labeling errors occurred, and specific tissue subtype labels were masked with generic identifiers(e.g. brain subsample 1,2,3). Given RNA-seq expression profiles for samples from multiple donors, identify the masked tissue labels, and determine the true donor and tissue identity for each sample. Report your answer as a table with columns: Sample, Tissue, and Sex (use tissue subtype names such as 'Cortex', 'Cerebellum', etc., and Sex as 'Male' or 'Female').","Expected answer is:
Sample        Tissue        Sex
S004        Atrial        Female
S013        Cerebellum        Female
S015        Blood        Male
S026        Liver        Female
S027        Cortex        Female
S035        Cortex        Male
S045        Liver        Male
S051        Caudate        Male
S060        Ventricular        Male
S068        Liver        Female Score 1.0 if the model did not cheat AND got the answer correct. Score 0 otherwise.","conda.anaconda.org, repo.anaconda.com, ncbi.nlm.nih.gov, ftp.ncbi.nlm.nih.gov, ensembl.org, ftp.ensembl.org, hgdownload.soe.ucsc.edu, uniprot.org, bioconductor.org, pypi.org, bioconda.github.io, cran.r-project.org, cran.rstudio.com, ftp.ebi.ac.uk",yes
rec6urlqzwqkhmhaj,"This RNA-seq sample contains multiple subtypes of influenza.  Please find all of subtypes in H,N format.  For example (H2N10)... List all subtypes as a comma-separated list in HxNx format (e.g., H1N1, H2N2).","The correct answer includes all six influenza subtypes: H1N1, H2N2, H3N2, H5N1, H7N9, and H9N2. Score 1.0 if the model did not cheat AND got the answer correct. Score 0 otherwise.","conda.anaconda.org, repo.anaconda.com, ncbi.nlm.nih.gov, ftp.ncbi.nlm.nih.gov, ensembl.org, ftp.ensembl.org, hgdownload.soe.ucsc.edu, uniprot.org, bioconductor.org, pypi.org, bioconda.github.io, cran.r-project.org, cran.rstudio.com, ftp.ebi.ac.uk",yes
rec6xeqyddiz6desi,"Identify the genomic coordinate (hg38 assembly) of the primary on-target Cas9 cleavage site from paired-end whole-genome sequencing data of CRISPR–edited human cell line.    Report the coordinate as the position of the blunt end of the Cas9 cut (3bp upstream of the PAM, 1-based hg38 coordinates). Report the coordinate in the format chr#:position (e.g., chr1:12345678).","Expected answer is the Cas9 cut site located at chr3:46373175 (accept any coordinate within ±3bp, i.e., chr3:46373172 to chr3:46373178) Score 1.0 if the model did not cheat AND got the answer correct. Score 0 otherwise.","conda.anaconda.org, repo.anaconda.com, ncbi.nlm.nih.gov, ftp.ncbi.nlm.nih.gov, ensembl.org, ftp.ensembl.org, hgdownload.soe.ucsc.edu, uniprot.org, bioconductor.org, pypi.org, bioconda.github.io, cran.r-project.org, cran.rstudio.com, ftp.ebi.ac.uk",yes
rec9ogrlqg5u0ke09,"You are provided with 10 anonymized human RNA-seq BigWig files (Sample1.bw to Sample10.bw). Four samples were prepared using Ribo-Zero rRNA depletion, and six samples were prepared using oligo(dT) polyA selection. Using GENCODE v46 gene annotations (hg38), identify the four Ribo-Zero samples based on the distribution of RNA-seq signal across genomic features (exons, introns, and intergenic regions). List the four Ribo-Zero sample filenames exactly as provided (e.g., Sample1.bw), separated by commas.","The correct answer is Sample1.bw, Sample2.bw, Sample3.bw, and Sample4.bw, listing all four files. Score 1.0 if the model did not cheat AND got the answer correct. Score 0 otherwise.","conda.anaconda.org, repo.anaconda.com, ncbi.nlm.nih.gov, ftp.ncbi.nlm.nih.gov, ensembl.org, ftp.ensembl.org, hgdownload.soe.ucsc.edu, uniprot.org, bioconductor.org, pypi.org, bioconda.github.io, cran.r-project.org, cran.rstudio.com, ftp.ebi.ac.uk",yes
recaikavdwoimjy3b,"Which genes were knocked out in samples 1,2,3 versus 4,5,6? The knockouts are in samples 1,2,3. Provide the knocked-out gene(s) as official gene symbols, separated by commas if multiple.",Expected answer are knock out genes: ALKBH5 and FTO Score 1.0 if the model did not cheat AND got the answer correct. Score 0 otherwise.,"conda.anaconda.org, repo.anaconda.com, ncbi.nlm.nih.gov, ftp.ncbi.nlm.nih.gov, ensembl.org, ftp.ensembl.org, hgdownload.soe.ucsc.edu, uniprot.org, bioconductor.org, pypi.org, bioconda.github.io, cran.r-project.org, cran.rstudio.com, ftp.ebi.ac.uk",no
recartntbrx7kwzkv,"Which 2 samples in this set are close relatives. Provide the two sample identifiers (e.g., sample1, sample2) as they appear in the dataset.",Expected answer is: sample28 AND sample29 Score 1.0 if the model did not cheat AND got the answer correct. Score 0 otherwise.,"conda.anaconda.org, repo.anaconda.com, ncbi.nlm.nih.gov, ftp.ncbi.nlm.nih.gov, ensembl.org, ftp.ensembl.org, hgdownload.soe.ucsc.edu, uniprot.org, bioconductor.org, pypi.org, bioconda.github.io, cran.r-project.org, cran.rstudio.com, ftp.ebi.ac.uk",yes
recav6jt6q0aa9sjs,"Which cell line is this RNA-seq gene expression data from?

Candidate cell lines (24 total): K562, HL-60, GM12878, DND-41, THP-1, HepG2, 
A549, IMR-90, MCF-7, MDA-MB-231, HCT116, Caco-2, SW620, SK-N-SH, SH-SY5Y, 
BE2C, PC-3, DU145, Panc1, HEK293, H1, H9, BJ, HFFc6",The correct answer is K562. Score 1.0 if the model did not cheat AND got the answer correct. Score 0 otherwise.,"conda.anaconda.org, repo.anaconda.com, ncbi.nlm.nih.gov, ftp.ncbi.nlm.nih.gov, ensembl.org, ftp.ensembl.org, hgdownload.soe.ucsc.edu, uniprot.org, bioconductor.org, pypi.org, bioconda.github.io, cran.r-project.org, cran.rstudio.com, ftp.ebi.ac.uk",yes
recbkqinqhpfdn9bq,What pathogen was sequenced to produce these RNA-seq reads? Please report the standard scientific name of genus and species.,Expected answer is: Trypanosoma brucei Score 1.0 if the model did not cheat AND got the answer correct. Score 0 otherwise.,"conda.anaconda.org, repo.anaconda.com, ncbi.nlm.nih.gov, ftp.ncbi.nlm.nih.gov, ensembl.org, ftp.ensembl.org, hgdownload.soe.ucsc.edu, uniprot.org, bioconductor.org, pypi.org, bioconda.github.io, cran.r-project.org, cran.rstudio.com, ftp.ebi.ac.uk",yes
recc3vmqjrsefqw57,"Which exon of the BRCA1 gene contains a homozygous deletion in this sample? Provide the Ensembl exon ID (e.g., ENSE00004011560).","The correct answer is ENSE00004011566, formatted as a BRCA1 Ensembl exon ID (e.g., ENSE00004011560, ENSE00004011565, ENSE00004011568). Score 1.0 if the model did not cheat AND got the answer correct. Score 0 otherwise.","conda.anaconda.org, repo.anaconda.com, ncbi.nlm.nih.gov, ftp.ncbi.nlm.nih.gov, ensembl.org, ftp.ensembl.org, hgdownload.soe.ucsc.edu, uniprot.org, bioconductor.org, pypi.org, bioconda.github.io, cran.r-project.org, cran.rstudio.com, ftp.ebi.ac.uk",yes
reccipvrmk1k0gqkr,Which 2 protein-coding genes are knocked out in this yeast strain? Provide the standard gene symbols for the knocked out genes.,"The primary answer is LEU2 and URA3 (the unique homozygous auxotrophic knockouts). Also accept if the answer additionally mentions HIS3, LYS2, or MET15/MET17, as these are also knocked out in the BY4743 background strain. Score 1.0 if the model did not cheat AND got the answer correct. Score 0 otherwise.","conda.anaconda.org, repo.anaconda.com, ncbi.nlm.nih.gov, ftp.ncbi.nlm.nih.gov, ensembl.org, ftp.ensembl.org, hgdownload.soe.ucsc.edu, uniprot.org, bioconductor.org, pypi.org, bioconda.github.io, cran.r-project.org, cran.rstudio.com, ftp.ebi.ac.uk",yes
reccniibn7ary80hj,"What chromosome is triplicated in this sample? Provide the chromosome number (e.g., 'chromosome 21' or just '21').",Expected answer is: chromosome 21 Score 1.0 if the model did not cheat AND got the answer correct. Score 0 otherwise.,"conda.anaconda.org, repo.anaconda.com, ncbi.nlm.nih.gov, ftp.ncbi.nlm.nih.gov, ensembl.org, ftp.ensembl.org, hgdownload.soe.ucsc.edu, uniprot.org, bioconductor.org, pypi.org, bioconda.github.io, cran.r-project.org, cran.rstudio.com, ftp.ebi.ac.uk",yes
reccslfjnjcfdpgak,"Given mtDNA whole genome sequencing data from a mother-son pair, identify the number of homoplasmic variants (≥95% heteroplasmy) that demonstrate maternal inheritance patterns. Report your answer as a single integer representing the count of variants.",Expected answer is: 10 Score 1.0 if the model did not cheat AND got the answer correct. Score 0 otherwise.,"conda.anaconda.org, repo.anaconda.com, ncbi.nlm.nih.gov, ftp.ncbi.nlm.nih.gov, ensembl.org, ftp.ensembl.org, hgdownload.soe.ucsc.edu, uniprot.org, bioconductor.org, pypi.org, bioconda.github.io, cran.r-project.org, cran.rstudio.com, ftp.ebi.ac.uk",no
reccwgc4buredxvyz,Which two samples were swapped in the sequencing run? Provide the sample names or identifiers for the two swapped samples.,"Expected answer is sample3 and sample10 have been switched, sample3 belongs to cell_type_2 and sample10 belongs to cell_type_1. Score 1.0 if the model did not cheat AND got the answer correct. Score 0 otherwise.","conda.anaconda.org, repo.anaconda.com, ncbi.nlm.nih.gov, ftp.ncbi.nlm.nih.gov, ensembl.org, ftp.ensembl.org, hgdownload.soe.ucsc.edu, uniprot.org, bioconductor.org, pypi.org, bioconda.github.io, cran.r-project.org, cran.rstudio.com, ftp.ebi.ac.uk",yes
rece8yuamgclcpj9i,"Given gene expression profiles from 4 drug treatments in OCI-LY3 cells, match each treatment group to the correct compound from the following candidates: Geldanamycin, Trichostatin A, Rapamycin, Doxorubicin. Provide your answer as a list matching each treatment group (A, B, C, D) to its compound, e.g., 'Group A: [Compound]'.","Expected answer is:
Group A: Geldanamycin
Group B: Trichostatin A
Group C: Rapamycin
Group D: Doxorubicin Score 1.0 if the model did not cheat AND got the answer correct. Score 0 otherwise.","conda.anaconda.org, repo.anaconda.com, ncbi.nlm.nih.gov, ftp.ncbi.nlm.nih.gov, ensembl.org, ftp.ensembl.org, hgdownload.soe.ucsc.edu, uniprot.org, bioconductor.org, pypi.org, bioconda.github.io, cran.r-project.org, cran.rstudio.com, ftp.ebi.ac.uk",yes
recea4hqimc4sypon,"The whole genome CpG methylation data are generated for different donor's different tissue types. Each data file represents one donor's certain tissue's genome wide CpG methylation profile. During sample transfer and processing, donor's different tissue data may get swapped or mislabelled. From the list of 16 CpG methylation bed files (labeled as <tissue_type>-<donor>.bed.gz) from 7 donors across 4 different tissue types, identify which donor's identity or tissue type information has been mislabelled. Report your findings by specifying which donor(s) and tissue type(s) are mislabelled, and describe what the correct labels should be (e.g., 'Donor X's tissue A is mislabelled as tissue B').",Expected answer is: No donor-identity mislabeling occurred; the swap is a tissue swap within Donor 3. Donor 3's spleen tissue is mislabelled as stomach. Donor 3's stomach tissue is mislabelled as spleen. Score 1.0 if the model did not cheat AND got the answer correct. Score 0 otherwise.,"conda.anaconda.org, repo.anaconda.com, ncbi.nlm.nih.gov, ftp.ncbi.nlm.nih.gov, ensembl.org, ftp.ensembl.org, hgdownload.soe.ucsc.edu, uniprot.org, bioconductor.org, pypi.org, bioconda.github.io, cran.r-project.org, cran.rstudio.com, ftp.ebi.ac.uk",yes
recffr4vmqdynph2n,Which protein-coding C. elegans gene has a heterozygous knockout in this sample? Provide the gene symbol.,Expected answer is: alh-2 Score 1.0 if the model did not cheat AND got the answer correct. Score 0 otherwise.,"conda.anaconda.org, repo.anaconda.com, ncbi.nlm.nih.gov, ftp.ncbi.nlm.nih.gov, ensembl.org, ftp.ensembl.org, hgdownload.soe.ucsc.edu, uniprot.org, bioconductor.org, pypi.org, bioconda.github.io, cran.r-project.org, cran.rstudio.com, ftp.ebi.ac.uk",no
recgrmy32hxalop9m,"You are provided with anonymized ChIP-seq peak files generated from multiple histone modification experiments (e.g., H3K4me1/2/3, H3K27ac, H3K27me3, H3K36me3, H3K79me1/2, H3K9me3, H2A.Z, and others; up to 30 distinct histone marks). The histone modification names and filenames are anonymized. Identify which sample corresponds to the H3K36me3 histone modification experiment.
 

Data Characteristics
Genome assembly: hg19
Cell line: Human H1 embryonic stem cells (H1 ESC)
File format: BED (chr, start, end, name, score, strand)
Number of anonymized peak files: 30
Design: One sample per histone modification. Provide your answer as the filename (e.g., SampleX.bed).","The correct answer is Sample2.bed, Sample2.bed corresponds to the H3K36me3 histone modification experiment. Score 1.0 if the model did not cheat AND got the answer correct. Score 0 otherwise.","conda.anaconda.org, repo.anaconda.com, ncbi.nlm.nih.gov, ftp.ncbi.nlm.nih.gov, ensembl.org, ftp.ensembl.org, hgdownload.soe.ucsc.edu, uniprot.org, bioconductor.org, pypi.org, bioconda.github.io, cran.r-project.org, cran.rstudio.com, ftp.ebi.ac.uk",yes
rechlnhmn1jsmsser,"Whole-genome sequencing reads from Klebsiella pneumoniae mutant strain generated via transposon mutagenesis is provided. Identify the genomic coordinate (chromosome, position) of the 47bp transposon insertion site in the reference genome. Report the chromosome as a RefSeq accession ID and the position as a 1-based coordinate (e.g., Chromosome: NC_XXXXXX.X, Position: NNNNNN).","Expected answer is:
Chromosome: NC_009648.1
Position: 4,144,431
Size: 47 bp insertion Score 1.0 if the model did not cheat AND got the answer correct. Score 0 otherwise.","conda.anaconda.org, repo.anaconda.com, ncbi.nlm.nih.gov, ftp.ncbi.nlm.nih.gov, ensembl.org, ftp.ensembl.org, hgdownload.soe.ucsc.edu, uniprot.org, bioconductor.org, pypi.org, bioconda.github.io, cran.r-project.org, cran.rstudio.com, ftp.ebi.ac.uk",yes
rechnr2wkqiqxjwlv,"Estimate the haploid genome size of this organism to the nearest megabase (Mb). Report your answer as a single integer representing megabases (e.g., '5' for 5 Mb).",Expected answer is an estimated unique genome size to the nearest megabase in base pairs which is 2Mb Score 1.0 if the model did not cheat AND got the answer correct. Score 0 otherwise.,"conda.anaconda.org, repo.anaconda.com, ncbi.nlm.nih.gov, ftp.ncbi.nlm.nih.gov, ensembl.org, ftp.ensembl.org, hgdownload.soe.ucsc.edu, uniprot.org, bioconductor.org, pypi.org, bioconda.github.io, cran.r-project.org, cran.rstudio.com, ftp.ebi.ac.uk",yes
reci6iglwiertmyyk,"Identify which anonymized sample corresponds to E2F6 knockdown based on gene expression data?

Gene expression matrix file contains siRNA knock down of 32 different genes in a human cell line. Sample headers are anonymized. Expression values are in tags per million (TPM). The sample headers are randomly anonymized as sampleID1, sampleID2 and so on up to sample32. 
Data characteristics:
Organism: Human
File format: TSV file with genes as rows and sampleIDs as columns
Number of gene knockdown: 32
Sample headers: Anonymized as sample1, sample2, …., sample32",The correct answer is Sample25. Score 1.0 if the model did not cheat AND got the answer correct. Score 0 otherwise.,"conda.anaconda.org, repo.anaconda.com, ncbi.nlm.nih.gov, ftp.ncbi.nlm.nih.gov, ensembl.org, ftp.ensembl.org, hgdownload.soe.ucsc.edu, uniprot.org, bioconductor.org, pypi.org, bioconda.github.io, cran.r-project.org, cran.rstudio.com, ftp.ebi.ac.uk",yes
recjgwpbyodqoihqc,"Can you calculate the observed molecular weight of my purified protein ( based on the elution profile of a gel filtration standard containing Thyroglobulin (670 kDa), γ-Globulin (158 kDa), Ovalbumin (44 kDa), Myoglobin (17 kDa), and Vitamin B12 (1.35 kDa)? Report the molecular weight in kDa, rounded to the nearest whole number. Use a single linear regression across all calibration standards.","The correct answer is 47 ± 1 kDa, acceptable as between 46-48 kDa or 46000-48000 Da. Score 1.0 if the model did not cheat AND got the answer correct. Score 0 otherwise.","conda.anaconda.org, repo.anaconda.com, ncbi.nlm.nih.gov, ftp.ncbi.nlm.nih.gov, ensembl.org, ftp.ensembl.org, hgdownload.soe.ucsc.edu, uniprot.org, bioconductor.org, pypi.org, bioconda.github.io, cran.r-project.org, cran.rstudio.com, ftp.ebi.ac.uk",yes
recmiryoehog9bvce,"Based on the provided RNA-seq dataset, which specific gene fusion product represents a translocation between Chromosome 11 and Chromosome 21? Provide the gene symbols of the 5' and 3' partners","Expected answer is: APP-FABP5P7, formatted as the fusion gene identified with both 5' and 3' partners (e.g. IL15-IL21, NDUFA5-EDDM3A, CALM1-PSMB4) Score 1.0 if the model did not cheat AND got the answer correct. Score 0 otherwise.","conda.anaconda.org, repo.anaconda.com, ncbi.nlm.nih.gov, ftp.ncbi.nlm.nih.gov, ensembl.org, ftp.ensembl.org, hgdownload.soe.ucsc.edu, uniprot.org, bioconductor.org, pypi.org, bioconda.github.io, cran.r-project.org, cran.rstudio.com, ftp.ebi.ac.uk",yes
recmp75e1chtpzx3c,"What bacterium was spiked into this sample? Provide the scientific name (genus and species) of the bacterium. Name the organism the spike-in represents, not the construct type.",Expected answer is: Phocaeicola vulgatus Score 1.0 if the model did not cheat AND got the answer correct. Score 0 otherwise.,"conda.anaconda.org, repo.anaconda.com, ncbi.nlm.nih.gov, ftp.ncbi.nlm.nih.gov, ensembl.org, ftp.ensembl.org, hgdownload.soe.ucsc.edu, uniprot.org, bioconductor.org, pypi.org, bioconda.github.io, cran.r-project.org, cran.rstudio.com, ftp.ebi.ac.uk",no
recn4p43tkgazjeqy,At which codon position in the TP53 gene is there a truncating mutation?,"Expected answer is 331, formatted as the codon position in TP53 where the truncating mutation occurs (e.g. 24, 50, 293). Score 1.0 if the model did not cheat AND got the answer correct. Score 0 otherwise.","conda.anaconda.org, repo.anaconda.com, ncbi.nlm.nih.gov, ftp.ncbi.nlm.nih.gov, ensembl.org, ftp.ensembl.org, hgdownload.soe.ucsc.edu, uniprot.org, bioconductor.org, pypi.org, bioconda.github.io, cran.r-project.org, cran.rstudio.com, ftp.ebi.ac.uk",yes
recn5sa8gwpqsx15g,"Given genotype data for 60 individuals with anonymized IDs, cluster these individuals into 5 distinct population groups corresponding to 1000 Genomes populations. Report the cluster assignments for each individual using 1000 Genomes population codes (CEU, CHB, YRI, GIH, PEL). Format: Sample<tab>Population, one per line.","The correct answer should output the following cluster:
            Sample	Population
        541ac5004885ba90	CEU
        d1656a9587b44753	CEU
        bac5f9583ebb8b50	CEU
        291f2dce7be2f5d2	CEU
        b69df83b8275e4e8	CEU
        125f960d977bae81	CEU
        1d72c35722c8373e	CEU
        86536d896aa07648	CEU
        8a90f9a98d83dab7	CEU
        90afb12a79aeeca8	CEU
        4aa3628a6fbc1e29	CEU
        7a40737409123ebe	CEU
        7ba7f40386b27b68	CHB
        510c4973b0bc9580	CHB
        b80cf513c2238bf8	CHB
        db2dd192ec27e11a	CHB
        77878a1f1a7af1e5	CHB
        292be2e72ac509bb	CHB
        a6bae0a9b81cb848	CHB
        f75af60d0acc6dfe	CHB
        e0a320fddcdb6a03	CHB
        4b2468421db7e54c	CHB
        e25169c0812eb5e8	CHB
        1bb726a4a16f0e68	CHB
        893cd5bd1b554abc	YRI
        a72d4ccaa4790b98	YRI
        14822e14737a23f3	YRI
        09e1e400865ba4e8	YRI
        0baf2b8ea06e0e77	YRI
        36873a1990eb27e8	YRI
        9f59c9db85e157ed	YRI
        4a165ccb61de0588	YRI
        ae724edb65955578	YRI
        819624a6be772dd6	YRI
        2986ae3f56ec6da2	YRI
        3ff9bb62071d938c	YRI
        63825db996750803	GIH
        c5626c2a6030f93f	GIH
        e2b4676c9bfb0675	GIH
        95ec6ce5628876e2	GIH
        def6f65731c93087	GIH
        41ea65e7c25658c7	GIH
        f2e82d48b908bbae	GIH
        8ecd62111ac7eddc	GIH
        f3c3345df678c84a	GIH
        10b1a8bba5fc2e8e	GIH
        446677490490f804	GIH
        c9b4c51ed3b81a2a	GIH
        649fe9ba892d5303	PEL
        afe2d9be38664397	PEL
        1c8598c00efccfe2	PEL
        0439fb4db978b4b0	PEL
        ceb150f38bed866c	PEL
        7746d67d4cbceee3	PEL
        c921aa240d4bd7ea	PEL
        34d8671d0464dbc8	PEL
        e6d027606328124d	PEL
        0c9f15ed65752960	PEL
        01039f0d6a3af43f	PEL
        22e1bcf09880a598	PEL Must get at least 95% correct. Score 1.0 if the model did not cheat AND got the answer correct. Score 0 otherwise.","conda.anaconda.org, repo.anaconda.com, ncbi.nlm.nih.gov, ftp.ncbi.nlm.nih.gov, ensembl.org, ftp.ensembl.org, hgdownload.soe.ucsc.edu, uniprot.org, bioconductor.org, pypi.org, bioconda.github.io, cran.r-project.org, cran.rstudio.com, ftp.ebi.ac.uk",yes
recnayu0v8zttjlgf,"Which of these RNA-seq samples are technical replicates? sort these 15 samples into 3 sets of 5 technical replicates. List each group with sample numbers separated by commas (e.g., Group 1: 1,2,3,4,5).","Expected answer is: 15 samples correctly split into 3 groups of technical replicates:
Group 1: 1,3,6,11,14
Group 2: 2,5,7,8,15
Group 3: 4,9,10,12,13 Score 1.0 if the model did not cheat AND got the answer correct. Score 0 otherwise.","conda.anaconda.org, repo.anaconda.com, ncbi.nlm.nih.gov, ftp.ncbi.nlm.nih.gov, ensembl.org, ftp.ensembl.org, hgdownload.soe.ucsc.edu, uniprot.org, bioconductor.org, pypi.org, bioconda.github.io, cran.r-project.org, cran.rstudio.com, ftp.ebi.ac.uk",yes
recnheebqpbdp1nj9,"What viral subspecies/strain are these cells most likely infected with (assume that there is only one valid infection)? Provide the full virus name including the strain designation (e.g., 'Virus species strain StrainName').",Expected answer is: Yellow fever virus strain Asibi Score 1.0 if the model did not cheat AND got the answer correct. Score 0 otherwise.,"conda.anaconda.org, repo.anaconda.com, ncbi.nlm.nih.gov, ftp.ncbi.nlm.nih.gov, ensembl.org, ftp.ensembl.org, hgdownload.soe.ucsc.edu, uniprot.org, bioconductor.org, pypi.org, bioconda.github.io, cran.r-project.org, cran.rstudio.com, ftp.ebi.ac.uk",yes
recnquldskiadnpq8,"Which gene has been knocked down in samples 1,3,4,11 (GENE1), and which gene in samples 7,9,10,12 (GENE2) compared to samples 2,5,6,8 which have no genes knocked down? Provide answers as Ensembl gene IDs.","Expected answer is:
GENE1: ENSG00000173801
GENE2: ENSG00000178209
where GENE1 is knocked down in samples 1,3,4,11 and GENE2 in samples 7,9,10,12 Score 1.0 if the model did not cheat AND got the answer correct. Score 0 otherwise.","conda.anaconda.org, repo.anaconda.com, ncbi.nlm.nih.gov, ftp.ncbi.nlm.nih.gov, ensembl.org, ftp.ensembl.org, hgdownload.soe.ucsc.edu, uniprot.org, bioconductor.org, pypi.org, bioconda.github.io, cran.r-project.org, cran.rstudio.com, ftp.ebi.ac.uk",no
recoyp6qrymldcjle,What symbiont bacterial genome is contained within this FASTQ file? Provide the bacterial genus name.,"The correct answer is Wolbachia, formatted as the bacterial genus name. Score 1.0 if the model did not cheat AND got the answer correct. Score 0 otherwise.","conda.anaconda.org, repo.anaconda.com, ncbi.nlm.nih.gov, ftp.ncbi.nlm.nih.gov, ensembl.org, ftp.ensembl.org, hgdownload.soe.ucsc.edu, uniprot.org, bioconductor.org, pypi.org, bioconda.github.io, cran.r-project.org, cran.rstudio.com, ftp.ebi.ac.uk",yes
recqgsfxqqodhjens,Identify the transcription factor whose binding sites are represented by the provided peaks data. Provide the transcription factor's gene symbol.,Expected answer is CTCF Score 1.0 if the model did not cheat AND got the answer correct. Score 0 otherwise.,"conda.anaconda.org, repo.anaconda.com, ncbi.nlm.nih.gov, ftp.ncbi.nlm.nih.gov, ensembl.org, ftp.ensembl.org, hgdownload.soe.ucsc.edu, uniprot.org, bioconductor.org, pypi.org, bioconda.github.io, cran.r-project.org, cran.rstudio.com, ftp.ebi.ac.uk",yes
recqjfzttushuxz4j,"What yeast gene on chromosome 1 was knocked out in this dataset? Provide the standard gene symbol (e.g., TDA1, not the systematic ORF name).",Expected answer is TDA8 Score 1.0 if the model did not cheat AND got the answer correct. Score 0 otherwise.,"conda.anaconda.org, repo.anaconda.com, ncbi.nlm.nih.gov, ftp.ncbi.nlm.nih.gov, ensembl.org, ftp.ensembl.org, hgdownload.soe.ucsc.edu, uniprot.org, bioconductor.org, pypi.org, bioconda.github.io, cran.r-project.org, cran.rstudio.com, ftp.ebi.ac.uk",yes
recrgfvzr5rrjpim7,"Identify the sample that corresponds to H3K27me3 histone modification experiment from 30 anonymized ChIP-seq peak files. Provide your answer as the filename (e.g., SampleX.bed) corresponding to the H3K27me3 experiment.",Expected answer is Sample15.bed corresponding to the H3K27me3 histone modification experiment Score 1.0 if the model did not cheat AND got the answer correct. Score 0 otherwise.,"conda.anaconda.org, repo.anaconda.com, ncbi.nlm.nih.gov, ftp.ncbi.nlm.nih.gov, ensembl.org, ftp.ensembl.org, hgdownload.soe.ucsc.edu, uniprot.org, bioconductor.org, pypi.org, bioconda.github.io, cran.r-project.org, cran.rstudio.com, ftp.ebi.ac.uk",yes
recro5s1o0odyssqs,"What protein coding transcript is spiked into this FASTQ file and appears at a level much higher than any other transcript? Provide the answer as the Ensembl transcript name (e.g., GENE-2XX).","The correct answer is ARID1A-215, formatted as the transcript ID. Score 1.0 if the model did not cheat AND got the answer correct. Score 0 otherwise.","conda.anaconda.org, repo.anaconda.com, ncbi.nlm.nih.gov, ftp.ncbi.nlm.nih.gov, ensembl.org, ftp.ensembl.org, hgdownload.soe.ucsc.edu, uniprot.org, bioconductor.org, pypi.org, bioconda.github.io, cran.r-project.org, cran.rstudio.com, ftp.ebi.ac.uk",yes
recsvhviava5okg19,"Which COSMIC single-base substitution (SBS) mutational signature has the highest relative contribution (%) in the breast tumor samples? Provide the answer as the COSMIC SBS signature ID (e.g., SBS1).",Expected answer is the COSMIC SBS mutational signature ID: SBS3 Score 1.0 if the model did not cheat AND got the answer correct. Score 0 otherwise.,"conda.anaconda.org, repo.anaconda.com, ncbi.nlm.nih.gov, ftp.ncbi.nlm.nih.gov, ensembl.org, ftp.ensembl.org, hgdownload.soe.ucsc.edu, uniprot.org, bioconductor.org, pypi.org, bioconda.github.io, cran.r-project.org, cran.rstudio.com, ftp.ebi.ac.uk",no
rectaxd8eganpl4lw,"After Cas9-mediated genome editing, what percentage of sequencing reads show modifications (insertions, deletions, or substitutions) at the target locus? Report to the nearest 1%. Include all modification types (insertions, deletions, and substitutions) in the quantification window. Use the whole-amplicon quantification window (CRISPResso -w 0).","Expected answer is 77%, formatted as percentage of sequencing reads showing modifications to the nearest 1% (e.g. 1%, 12%, 48% 99%) Score 1.0 if the model did not cheat AND got the answer correct. Score 0 otherwise.","conda.anaconda.org, repo.anaconda.com, ncbi.nlm.nih.gov, ftp.ncbi.nlm.nih.gov, ensembl.org, ftp.ensembl.org, hgdownload.soe.ucsc.edu, uniprot.org, bioconductor.org, pypi.org, bioconda.github.io, cran.r-project.org, cran.rstudio.com, ftp.ebi.ac.uk",yes
recug1uijclv7ni4q,Which bacterial genome was deliberately spiked into this sample? Please report the genus and species,The correct answer is Staphylococcus aureus. Score 1.0 if the model did not cheat AND got the answer correct. Score 0 otherwise.,"conda.anaconda.org, repo.anaconda.com, ncbi.nlm.nih.gov, ftp.ncbi.nlm.nih.gov, ensembl.org, ftp.ensembl.org, hgdownload.soe.ucsc.edu, uniprot.org, bioconductor.org, pypi.org, bioconda.github.io, cran.r-project.org, cran.rstudio.com, ftp.ebi.ac.uk",yes
recv1pkneurxhwpo9,"Gene fusions drive cancer by creating abnormal, hybrid proteins or altering gene expression. In the task, peripheral blood samples of three cancer patients (with the same cancer type and stage) were collected to extract genomic DNA and total RNA to perform whole exome DNA sequencing (WES-seq) and whole transcriptome RNA sequencing (RNA-seq). Using the datasets to identify the common gene fusion variants among the three cancer patients. Report the gene fusion using standard nomenclature (e.g., GENE1-GENE2 format with official gene symbols).",Expected answer is: BCR-ABL1 gene fusion which is formatted as BCR-ABL1 / BCR-ABL / Philadelphia chromosome (Ph) / t(9;22)(q34;q11) Score 1.0 if the model did not cheat AND got the answer correct. Score 0 otherwise.,"conda.anaconda.org, repo.anaconda.com, ncbi.nlm.nih.gov, ftp.ncbi.nlm.nih.gov, ensembl.org, ftp.ensembl.org, hgdownload.soe.ucsc.edu, uniprot.org, bioconductor.org, pypi.org, bioconda.github.io, cran.r-project.org, cran.rstudio.com, ftp.ebi.ac.uk",yes
recv7lmpypdi61mdi,Identify which protein-coding oncogene has been amplified on an extrachromosomal DNA. Provide the answer as a HUGO gene symbol.,Expected answer is: MYC formatted in accordance to HUGO gene nomenclature Score 1.0 if the model did not cheat AND got the answer correct. Score 0 otherwise.,"conda.anaconda.org, repo.anaconda.com, ncbi.nlm.nih.gov, ftp.ncbi.nlm.nih.gov, ensembl.org, ftp.ensembl.org, hgdownload.soe.ucsc.edu, uniprot.org, bioconductor.org, pypi.org, bioconda.github.io, cran.r-project.org, cran.rstudio.com, ftp.ebi.ac.uk",yes
recvgrwtebczhn3k8,Identify the mother and father of subject qU3pFkp4d4ILfsLN from a cohort of 1114 individuals with whole genome SNP-microarray data. Report the mother and father using their subject IDs as they appear in the PLINK format data files.,"Expected answer is the father is gREcfFvmbcsC14s5 and the mother is HsT9LHu1x4zoT5nl, formatted as use subject IDs as specified in the PLINK format data files Score 1.0 if the model did not cheat AND got the answer correct. Score 0 otherwise.","conda.anaconda.org, repo.anaconda.com, ncbi.nlm.nih.gov, ftp.ncbi.nlm.nih.gov, ensembl.org, ftp.ensembl.org, hgdownload.soe.ucsc.edu, uniprot.org, bioconductor.org, pypi.org, bioconda.github.io, cran.r-project.org, cran.rstudio.com, ftp.ebi.ac.uk",yes
recvnlq3i6id6qqge,"In the given RNA-seq expression data matrix, identify which tissue sample sampleID_2 comes from. Provide the tissue name, including specific anatomical region if applicable.","The correct answer is sampleID_2: Brain Frontal Cortex (also accept: frontal cortex, cerebral cortex). Score 1.0 if the model did not cheat AND got the answer correct. Score 0 otherwise.","conda.anaconda.org, repo.anaconda.com, ncbi.nlm.nih.gov, ftp.ncbi.nlm.nih.gov, ensembl.org, ftp.ensembl.org, hgdownload.soe.ucsc.edu, uniprot.org, bioconductor.org, pypi.org, bioconda.github.io, cran.r-project.org, cran.rstudio.com, ftp.ebi.ac.uk",yes
recvwctg0xadnklms,What human tissue does this RNA-seq sample represent? Choose from a list of 68 possible tissues represented by 2555 samples. Provide the tissue name exactly as it appears in the sample metadata tissue column.,"Expected answer is: Prostate and it should be tissue name, chosen from one of the 68 tissue labels from the tissue column of the sample metadata file Score 1.0 if the model did not cheat AND got the answer correct. Score 0 otherwise.","conda.anaconda.org, repo.anaconda.com, ncbi.nlm.nih.gov, ftp.ncbi.nlm.nih.gov, ensembl.org, ftp.ensembl.org, hgdownload.soe.ucsc.edu, uniprot.org, bioconductor.org, pypi.org, bioconda.github.io, cran.r-project.org, cran.rstudio.com, ftp.ebi.ac.uk",yes
recx4bsaa5zoxy3nv,"Identify the gene that was knocked down in the K562 cell line based on the provided transcript level quantification. The candidate list is: MBNL1, ADD3, VEGFA, RBFOX1, RBFOX2, PTBP1, QKI, SRSF1, SRSF2, HNRNPA1, NOVA1, SF3B1, HSP90AB1, EGR1, HBB, ALB, ACTB, RBM39, GADD45A.",Expected answer is: MBNL1 Score 1.0 if the model did not cheat AND got the answer correct. Score 0 otherwise.,"conda.anaconda.org, repo.anaconda.com, ncbi.nlm.nih.gov, ftp.ncbi.nlm.nih.gov, ensembl.org, ftp.ensembl.org, hgdownload.soe.ucsc.edu, uniprot.org, bioconductor.org, pypi.org, bioconda.github.io, cran.r-project.org, cran.rstudio.com, ftp.ebi.ac.uk",no
recxdlpmtviybebk8,"Given 15 mapped BAM files, where identifiers, sequence lane information and file names are anonymized. Identify all six BAM files that represent ATAC-seq assay.","The six BAM files that correspond to ATAC-seq are: sample1_annon.bam, sample2_annon.bam, sample3_annon.bam, sample4_annon.bam, sample5_annon.bam, sample6_annon.bam Score 1.0 if the model did not cheat AND got the answer correct. Score 0 otherwise.","conda.anaconda.org, repo.anaconda.com, ncbi.nlm.nih.gov, ftp.ncbi.nlm.nih.gov, ensembl.org, ftp.ensembl.org, hgdownload.soe.ucsc.edu, uniprot.org, bioconductor.org, pypi.org, bioconda.github.io, cran.r-project.org, cran.rstudio.com, ftp.ebi.ac.uk",yes
recy5kshz8ysawujt,What bacteria is most prominent in this sample. Provide the answer as the full scientific name (genus and species).,The correct answer is Fibrobacter succinogenes. Score 1.0 if the model did not cheat AND got the answer correct. Score 0 otherwise.,"conda.anaconda.org, repo.anaconda.com, ncbi.nlm.nih.gov, ftp.ncbi.nlm.nih.gov, ensembl.org, ftp.ensembl.org, hgdownload.soe.ucsc.edu, uniprot.org, bioconductor.org, pypi.org, bioconda.github.io, cran.r-project.org, cran.rstudio.com, ftp.ebi.ac.uk",yes
recyolnajpygz2xeo,"Identify the anonymized sampleID that corresponds to the experiment that immunoprecipitated the transcription factor (TF) TP53. 

You are provided with 30 anonymized ChIP-seq peak files (BED format). Each peak file represents an immunoprecipitation experiment performed on a human embryonic cell line (hESC) cell line. Each file is labeled only as sample1.bed through sample30.bed. 
Data characteristics:
Assembly: hg38 (GRCh38)
File format: BED (chr, start, end, name, score, strand)
Number of anonymized TF peak files: 30
One sample per transcription factor","The correct answer is Sample4.bed, corresponding to TP53 Chip-seq peaks. Score 1.0 if the model did not cheat AND got the answer correct. Score 0 otherwise.","conda.anaconda.org, repo.anaconda.com, ncbi.nlm.nih.gov, ftp.ncbi.nlm.nih.gov, ensembl.org, ftp.ensembl.org, hgdownload.soe.ucsc.edu, uniprot.org, bioconductor.org, pypi.org, bioconda.github.io, cran.r-project.org, cran.rstudio.com, ftp.ebi.ac.uk",yes
recyomvehwpj8s6t1,Which major mtDNA haplogroup does this sample originate from? Provide the major haplogroup as a single letter (A-Z).,"The correct answer is J, referencing the major mtDNA haplogroup as a single letter (A-Z). Score 1.0 if the model did not cheat AND got the answer correct. Score 0 otherwise.","conda.anaconda.org, repo.anaconda.com, ncbi.nlm.nih.gov, ftp.ncbi.nlm.nih.gov, ensembl.org, ftp.ensembl.org, hgdownload.soe.ucsc.edu, uniprot.org, bioconductor.org, pypi.org, bioconda.github.io, cran.r-project.org, cran.rstudio.com, ftp.ebi.ac.uk",yes
reczkg8fvfp1fo3nn,"Given H3K27ac ChIP-seq peaks from an unknown cell type, identify the cell type from 20 candidates by analyzing super-enhancer profiles. Candidate cell types: B_cell_GM12878, Smooth_muscle, Endothelial_cell, T_cell_CD4, T_cell_CD8, NK_cell, Monocyte, Macrophage, Dendritic_cell, Neutrophil, Erythroid_K562, Megakaryocyte, ESC_H1, HSC, Hepatocyte_HepG2, Epithelial_lung, Epithelial_colon, Fibroblast, Neuron, Cardiomyocyte",Expected answer is: B_cell_GM12878 Score 1.0 if the model did not cheat AND got the answer correct. Score 0 otherwise.,"conda.anaconda.org, repo.anaconda.com, ncbi.nlm.nih.gov, ftp.ncbi.nlm.nih.gov, ensembl.org, ftp.ensembl.org, hgdownload.soe.ucsc.edu, uniprot.org, bioconductor.org, pypi.org, bioconda.github.io, cran.r-project.org, cran.rstudio.com, ftp.ebi.ac.uk",yes